StoreID,AvgHouseholdIncome,AvgTraffic,AvgHouseholdIncome_std,AvgTraffic_std,cluster_val,rand,rank,cume_dist,group_val
1,33442.833890897884,100.95688864254788,-1.6140442657162983,-0.13039035421795092,3,0.42606628757298803,2,0.0,treatment
2,52095.26114296115,94.73916705620577,0.38507033975366484,-1.4153652250031732,1,0.08902534013252761,1,0.5,control
3,50148.44505506081,108.54196035467031,0.17641607600067485,1.4371656078551451,2,0.6872236695463545,1,0.5,control
4,46402.73581844865,105.50377277769265,-0.22503848760990314,0.8092837326480464,2,0.8914369492317624,2,0.0,treatment
5,62124.571113254315,99.48962754108007,1.459983527911563,-0.4336193775965876,1,0.8424055445980125,2,0.0,treatment
6,46800.68710016195,100.29550353700948,-0.18238719033970208,-0.26707438368548003,3,0.20600532850156872,1,0.5,control
